X,Y,osm_id,code,fclass,year
121.5689274,31.2492473,68215773,2110,hospital,2014
121.4294593,31.2200958,68522234,2303,cafe,2014
121.4238459,31.2161761,78625941,2011,embassy,2014
121.580496,31.2416285,100576736,2110,hospital,2014
121.4906432,31.2643385,265719114,2511,convenience,2014
121.4879612,31.2653228,265719846,2005,post_office,2014
121.4956068,31.2630101,265740753,2501,supermarket,2014
121.3718641,31.2100674,266499577,2110,hospital,2014
121.4715203,31.2348143,267195089,2203,cinema,
121.5035113,31.2703282,267197720,2304,pub,2014
121.4450648,31.2104867,267671918,2304,pub,2014
121.4449132,31.2102655,267671919,2304,pub,2014
121.430668,31.1801952,267698311,2543,doityourself,2014
121.5251371,31.3270111,301889814,2005,post_office,2014
121.5337426,31.3232268,301889815,2110,hospital,2014
121.4857464,31.2453317,301889910,2721,attraction,2014
121.533927,31.326034,302041862,2001,police,2014
121.1619517,31.2970611,306422446,2301,restaurant,2014
121.222222,31.3192295,306422585,2401,hotel,2014
121.2168906,31.3175212,322001983,2301,restaurant,2014
121.3035967,31.1634981,323859673,2082,school,2014
121.4535424,31.2438829,338466774,2401,hotel,2014
120.9191439,30.8401115,347204174,2401,hotel,2014
121.5958501,31.2547276,370298229,2401,hotel,2014
121.5744208,31.2155619,393185736,2511,convenience,2014
121.5745164,31.2155794,393821233,2529,beauty_shop,2014
121.5808249,31.2258143,398719248,2511,convenience,2014
121.5824299,31.2438021,398770157,2303,cafe,2014
121.5503809,31.2067953,398828768,2542,bicycle_shop,2014
121.5807277,31.2257952,400432900,2568,laundry,2014
121.5808049,31.2257659,400432901,2602,atm,2014
121.5896159,31.2204821,401464127,2301,restaurant,2014
121.1126408,31.151268,412399534,2401,hotel,2014
121.1123243,31.1500517,413550195,2302,fast_food,2014
121.1118183,31.1514556,413550198,2302,fast_food,2014
121.1082256,31.1606004,413550201,2302,fast_food,2014
121.1083325,31.1501868,413550207,2302,fast_food,2014
121.1083058,31.1504911,413550210,2302,fast_food,2014
121.1199362,31.1514707,413550809,2303,cafe,2014
121.4210464,31.1764748,461788805,2901,toilet,2014
121.5279878,31.3269968,467690367,2301,restaurant,2014
121.5280359,31.3219385,468249726,2501,supermarket,
121.5093648,31.3041669,468826701,2501,supermarket,
121.5096166,31.3045091,468826709,2301,restaurant,
121.5279193,31.3170567,469344440,2302,fast_food,
121.5282451,31.3163384,469344441,2302,fast_food,
121.5514167,31.3165467,471681858,2204,park,
121.4856062,31.2466528,476067673,2401,hotel,2014
121.486602,31.2457869,476068109,2401,hotel,2014
121.4869612,31.2442663,476068699,2723,monument,
121.4861438,31.2461354,476069274,2301,restaurant,2014
121.4859637,31.2410283,476071294,2724,memorial,2014
121.5101915,31.3033436,476072602,2301,restaurant,2014
121.5100285,31.3036223,476072686,2302,fast_food,
121.5093419,31.3019575,476073086,2301,restaurant,2014
121.5334871,31.326671,476074732,2301,restaurant,2014
121.5273062,31.3213679,476075431,2511,convenience,2014
121.4853948,31.2414831,476081313,2721,attraction,2014
121.4855801,31.242325,476082235,2721,attraction,2014
121.4854592,31.2417559,476082363,2721,attraction,2014
121.4855155,31.2419875,476082453,2721,attraction,2014
121.4853362,31.2406912,476082753,2721,attraction,2014
121.4853871,31.2403999,476082989,2721,attraction,
121.4854137,31.2401622,476148697,2721,attraction,2014
121.4854322,31.2399676,476148920,2721,attraction,2014
121.4854885,31.2396328,476149140,2721,attraction,2014
121.485604,31.2390962,476149253,2721,attraction,
121.4856441,31.2386397,476149343,2721,attraction,
121.4857569,31.2380045,476149515,2721,attraction,2014
121.4862961,31.2367496,476149638,2721,attraction,2014
121.4860868,31.2371051,476151005,2721,attraction,2014
121.4859446,31.2373876,476151155,2721,attraction,2014
121.4864622,31.2365093,476151248,2721,attraction,2014
121.486725,31.2361768,476151320,2721,attraction,2014
121.4868862,31.2358621,476151413,2721,attraction,2014
121.487015,31.2355318,476151449,2721,attraction,
121.4856399,31.2464194,476152071,2721,attraction,2014
121.4708539,31.2344239,476682315,2901,toilet,2014
121.4689399,31.2343285,476682321,2901,toilet,2014
121.4853496,31.2411292,476771920,2721,attraction,
121.4723406,31.2372565,476779364,2302,fast_food,2014
121.4717101,31.2367348,476779776,2401,hotel,2014
121.4766473,31.2378562,476781766,2301,restaurant,
121.4763383,31.2377021,476782752,2301,restaurant,2014
121.4769392,31.2379222,476783113,2302,fast_food,
121.4763041,31.2382819,476784282,2301,restaurant,
121.4784413,31.2390745,476784813,2303,cafe,2014
121.4707393,31.2360473,476786676,2302,fast_food,
121.4763976,31.237525,477624445,2401,hotel,2014
121.4779082,31.2392717,477624806,2001,police,2014
121.4714966,31.2378701,477646207,2001,police,2014
121.4843369,31.235962,477649286,2110,hospital,
121.4793244,31.2378187,477655899,2099,public_building,2014
121.4793416,31.2388241,477656553,2515,bookshop,2014
121.4846888,31.2353527,477658416,2601,bank,2014
121.4828179,31.2335548,477659058,2722,museum,
121.4821654,31.2367471,477659663,2001,police,2014
121.478758,31.2362702,477660505,2110,hospital,2014
121.4770585,31.2351033,477661623,2515,bookshop,2014
121.4671879,31.2356245,477665054,2401,hotel,2014
121.4678231,31.2361529,477665151,2401,hotel,2014
121.479045,31.231425,479994667,2001,police,2014
121.489222,31.2276539,481431000,2005,post_office,2014
121.5028872,31.2873623,486097331,2401,hotel,
121.4498154,31.2483725,486620189,2401,hotel,2014
121.4975452,31.297383,600473611,2401,hotel,2014
121.509025,31.3033877,600473612,2203,cinema,
121.5153176,31.2949673,600473613,2401,hotel,
121.5148509,31.2933033,600473617,2401,hotel,2014
121.5800436,31.2009836,603090750,2401,hotel,2014
121.580109,31.2024335,603091013,2501,supermarket,2014
121.5801305,31.2024335,603091133,2301,restaurant,2014
121.5214872,31.2282516,614627712,2401,hotel,2014
121.519968,31.2294424,614627716,2505,department_store,2014
121.4040112,31.2123977,616100997,2101,pharmacy,2014
121.4898663,31.1862095,618784154,2721,attraction,
121.4855198,31.1845209,618790070,2721,attraction,
121.4847895,31.18857,618790558,2721,attraction,2014
121.4760267,31.1907944,618887531,2201,theatre,
121.4688132,31.236677,619219642,2401,hotel,2014
121.4653581,31.2322525,619220944,2401,hotel,2014
121.4915464,31.1905272,619355862,2721,attraction,
121.4778964,31.195267,619529905,2722,museum,2014
121.5258395,31.3269226,622203225,2030,recycling,2014
121.5261721,31.3269226,622203458,2006,telephone,2014
121.5271247,31.3269875,622204310,2601,bank,2014
121.5286589,31.3168599,622432680,2902,bench,2014
121.4700519,31.2312789,622678107,2904,fountain,2014
121.4418404,31.2069013,623818947,2304,pub,2014
121.5139095,31.2763307,624442245,2110,hospital,2014
121.4972584,31.2776098,624465435,2201,theatre,2014
121.4958073,31.26197,625186985,2511,convenience,2014
121.4958143,31.2855685,625196843,2303,cafe,
121.4918419,31.260842,625199371,2501,supermarket,2014
121.2082271,31.284881,625789901,2081,university,2014
121.4754759,31.2379916,638736457,2302,fast_food,
121.4739685,31.2376939,638736458,2101,pharmacy,2014
121.4673542,31.2356248,638736460,2301,restaurant,2014
121.4713668,31.2366523,638736461,2303,cafe,2014
121.4747035,31.2370926,638736462,2901,toilet,2014
121.5348837,31.3141177,638743886,2201,theatre,
121.4848333,31.224411,639308635,2601,bank,2014
121.4842003,31.2255762,639308636,2601,bank,2014
121.4839428,31.2262001,639308637,2601,bank,2014
121.4840072,31.2260624,639308638,2601,bank,2014
121.5111013,31.2241477,639372724,2511,convenience,2014
121.4340654,31.1963389,640601945,2901,toilet,2014
121.4691119,31.2215502,647522445,2601,bank,2014
121.468683,31.2212384,647522451,2601,bank,2014
121.4694784,31.2214401,647522468,2602,atm,2014
121.4697131,31.2215135,647522507,2501,supermarket,2014
121.4699867,31.2218438,647522513,2303,cafe,2014
121.4699224,31.2221466,647522518,2301,restaurant,2014
121.5542369,31.2301164,647752707,2601,bank,2014
121.5544491,31.2297,647753564,2302,fast_food,
121.5544571,31.2295394,647754685,2601,bank,2014
121.554929,31.2300384,647757836,2501,supermarket,
121.555116,31.229703,647762519,2302,fast_food,
121.5555298,31.229754,647763965,2517,shoe_shop,2014
121.5549236,31.2289605,647766078,2505,department_store,2014
121.5552294,31.229777,647768439,2568,laundry,2014
121.5556478,31.2295751,647772903,2505,department_store,2014
121.4955172,31.2394055,647784155,2505,department_store,2014
121.4995353,31.2404255,647790631,2601,bank,2014
121.4416051,31.1779381,649068514,2505,department_store,2014
121.4427821,31.1489912,649068517,2722,museum,2014
121.4469268,31.2800115,651013995,2721,attraction,
121.4994608,31.2402879,652668434,2501,supermarket,2014
121.466646,31.2349524,654576866,2302,fast_food,2014
121.4725361,31.2332553,654577234,2302,fast_food,
121.47274,31.2333286,654577316,2302,fast_food,
121.4723645,31.2367321,654578461,2401,hotel,
121.4677511,31.2339433,654579825,2204,park,
121.5307882,31.3165984,660051298,2005,post_office,2014
121.4721051,31.2521442,662708794,2722,museum,
121.3719635,31.1932429,663544528,2401,hotel,2014
121.3696367,31.1937473,663544639,2110,hospital,2014
121.3813365,31.1929098,663546199,2301,restaurant,2014
121.3823182,31.1932861,663546200,2301,restaurant,2014
121.3827849,31.1933274,663546201,2301,restaurant,2014
121.3834233,31.193254,663546202,2301,restaurant,2014
121.4983719,31.2992425,667340759,2007,library,
121.5424505,31.2098549,673066217,2005,post_office,2014
121.4932458,31.2021235,717717439,2721,attraction,2014
121.4662388,31.2062618,739234071,2401,hotel,2014
121.4387311,31.2487859,769845265,2512,clothes,2014
121.4257307,31.1724126,769847576,2512,clothes,2014
121.4254732,31.1723575,769847577,2301,restaurant,2014
121.4254732,31.1723575,769847577,2543,doityourself,2014
121.443387,31.2291147,769856712,2520,jeweller,2014
121.4374626,31.2369582,770414559,2301,restaurant,2014
121.192081,31.0348456,773682870,2305,bar,2014
121.1923368,31.0350034,773682888,2701,tourist_info,2014
121.1911052,31.036364,773682924,2303,cafe,2014
121.1921308,31.0355693,773682925,2301,restaurant,2014
121.1904754,31.0371879,773682945,2303,cafe,2014
121.1895247,31.0356905,773682952,2006,telephone,2014
121.1895187,31.0366844,773682961,2303,cafe,2014
121.4802138,31.2327489,784179325,2601,bank,2014
121.4801517,31.2342529,784179351,2401,hotel,2014
121.485016,31.2372614,784179386,2305,bar,2014
121.4663021,31.2332589,784179416,2301,restaurant,2014
121.4941344,31.2361629,784179440,2304,pub,2014
121.4649296,31.2314265,815462228,2405,hostel,2014
121.406088,31.1782036,822479537,2401,hotel,2014
121.4002722,31.2392022,822647682,2515,bookshop,2014
121.4015827,31.2405009,822647694,2203,cinema,2014
121.5434608,31.2396739,827153107,2005,post_office,2014
121.3573676,31.2538866,827172038,2501,supermarket,
121.4699828,31.2226479,832930580,2301,restaurant,2014
121.290864,31.1666658,833893262,2301,restaurant,2014
121.2776156,31.1871785,834902044,2001,police,2014
121.2669612,31.1780005,834902045,2110,hospital,2014
121.3844882,31.1929941,835125045,2304,pub,2014
121.3831099,31.1965939,837022289,2301,restaurant,2014
121.2715969,31.1698881,837111699,2601,bank,2014
121.2795521,31.1703124,837111701,2602,atm,2014
121.3840519,31.1932181,837162147,2901,toilet,2014
121.389486,31.182582,837162700,2601,bank,2014
121.389486,31.182582,837162850,2601,bank,2014
121.537824,31.2181991,837499396,2301,restaurant,2014
121.431683,31.218966,838146982,2401,hotel,2014
121.447236,31.1758854,842036854,2721,attraction,2014
121.4055128,31.1785203,842070754,2511,convenience,2014
121.4127119,31.1724894,842073995,2302,fast_food,
121.4121969,31.1736827,842073996,2302,fast_food,2014
121.4124329,31.17293,842073997,2501,supermarket,2014
121.4090104,31.1717917,842073999,2511,convenience,2014
121.4932037,31.236701,842083629,2301,restaurant,2014
121.3931,31.16837,842834028,2601,bank,2014
121.387983,31.182655,843193912,2005,post_office,2014
121.389617,31.180838,843194120,2901,toilet,2014
121.3809476,31.191238,843204588,2601,bank,2014
121.5260951,31.3119833,845285161,2110,hospital,2014
121.342158,31.159362,848339690,2501,supermarket,2014
121.2671491,31.1674307,848388510,2401,hotel,2014
121.3904488,31.1992874,848389184,2401,hotel,2014
121.4648608,31.2352944,848682286,2501,supermarket,2014
121.4626935,31.2348173,848682289,2110,hospital,2014
121.2689683,31.1744688,849236629,2601,bank,2014
121.2701671,31.173176,849236780,2601,bank,2014
121.271231,31.170444,849237510,2601,bank,2014
121.271458,31.170169,849238109,2601,bank,2014
121.4671138,31.3008888,853024810,2110,hospital,2014
121.4919261,31.2039915,855790488,2721,attraction,2014
121.4914433,31.2025232,855790493,2721,attraction,2014
121.4902631,31.2030463,855790497,2721,attraction,2014
121.490821,31.2046706,855790503,2721,attraction,2014
121.4897696,31.2057626,855801785,2721,attraction,2014
121.4897267,31.2053955,855801788,2721,attraction,2014
121.4902202,31.2053955,855801792,2721,attraction,2014
121.4897481,31.2050193,855804906,2721,attraction,2014
121.4890937,31.2049734,855804909,2721,attraction,2014
121.4885572,31.2050193,855804911,2721,attraction,2014
121.4886001,31.2045788,855804920,2721,attraction,2014
121.4898125,31.2042209,855810629,2721,attraction,2014
121.4899734,31.2034684,855810634,2721,attraction,2014
121.4894799,31.2038814,855810639,2721,attraction,2014
121.4894692,31.2035969,855810645,2721,attraction,2014
121.4891795,31.2055332,855810647,2401,hotel,2014
121.4889971,31.2043035,855810657,2721,attraction,2014
121.4894263,31.2042209,855810664,2721,attraction,2014
121.4898232,31.203863,855810675,2721,attraction,2014
121.3785565,31.1185846,859922150,2082,school,2014
121.3715468,31.1233047,859922152,2082,school,2014
121.3803389,31.1133584,859922153,2501,supermarket,2014
121.371108,31.1103661,859926444,2110,hospital,
121.3800874,31.1132605,860234530,2722,museum,2014
121.4146608,31.1683397,862835639,2401,hotel,2014
121.3675425,31.1412955,864223545,2253,swimming_pool,2014
121.3675425,31.1412955,864223545,2744,theme_park,2014
121.3680316,31.1438044,864223546,2251,sports_centre,2014
121.4838337,31.2533316,871680043,2601,bank,2014
121.3003394,31.1610382,873402838,2502,bakery,2014
121.4761832,31.1772321,874186785,2401,hotel,2014
121.3676993,31.1594143,874985535,2251,sports_centre,2014
121.4689318,31.2295609,884224389,2901,toilet,2014
121.467439,31.235177,884226718,2901,toilet,2014
121.2867025,31.1707755,891341329,2301,restaurant,2014
121.2866274,31.1707227,891341330,2502,bakery,2014
121.533633,31.219322,892856205,2301,restaurant,2014
121.4472554,31.1910959,893937434,2401,hotel,2014
121.2576511,31.3786853,894333657,2401,hotel,2014
121.4827921,31.2491318,912282486,2304,pub,2014
121.5462605,31.2923473,915308820,2901,toilet,2014
121.612814,31.6353276,920030144,2082,school,2014
121.422696,31.225477,920050391,2302,fast_food,2014
121.4913008,31.2025854,942573081,2901,toilet,2014
121.4918801,31.2022367,942573082,2901,toilet,2014
121.5121192,31.2300216,956653828,2501,supermarket,2014
121.2746019,31.1973681,960097887,2082,school,2014
121.4369423,31.2317817,969721350,2501,supermarket,2014
121.4943315,31.2374801,971214952,2401,hotel,
121.4473088,31.2545097,984065999,2401,hotel,2014
121.2719586,31.1616266,987546363,2082,school,2014
121.8953905,30.8825687,1017604591,2081,university,2014
121.891571,30.8877986,1017604592,2081,university,2014
121.5991283,31.2062682,1029545917,2002,fire_station,2014
121.6223416,31.2002208,1029583181,2110,hospital,2014
121.5890917,31.188552,1032781113,2110,hospital,2014
121.5947712,31.244977,1033185511,2002,fire_station,2014
121.5219188,31.32327,1033620631,2002,fire_station,2014
121.7159165,31.2385203,1036411331,2005,post_office,
121.3629516,31.1524877,1063807990,2082,school,2014
121.3605784,31.1514933,1063807999,2082,school,2014
121.2548781,31.0406846,1066163639,2301,restaurant,2014
121.3798572,31.1932007,1066163664,2504,mall,2014
121.3728957,31.1942905,1066173050,2301,restaurant,2014
121.285437,31.0411024,1066177785,2511,convenience,2014
121.3689775,31.104214,1067349075,2721,attraction,2014
121.3957075,31.1339023,1068558802,2501,supermarket,2014
121.3404916,31.2618244,1078785574,2501,supermarket,
120.9903851,31.387134,1106099285,2401,hotel,2014
121.4322431,31.202579,1119579210,2082,school,2014
121.4599475,31.1969906,1129170394,2082,school,2014
121.404312,31.1658647,1130510723,2005,post_office,2014
121.3968131,31.1739238,1130733642,2601,bank,2014
121.4041864,31.23535,1130827805,2901,toilet,2014
121.7761239,31.0477615,1165244071,2084,college,2014
121.5094864,31.3074554,1166150609,2303,cafe,2014
121.5093818,31.307201,1166150610,2302,fast_food,2014
121.4403048,31.2125091,1168461305,2202,nightclub,2014
121.4404375,31.2124046,1168461335,2305,bar,2014
121.4451295,31.2149274,1168461338,2601,bank,2014
121.4430995,31.2123231,1168461341,2305,bar,2014
121.4389219,31.2125778,1168461344,2304,pub,2014
121.443314,31.2121028,1168461362,2511,convenience,2014
121.4449484,31.21523,1168461367,2602,atm,2014
121.4403607,31.2124046,1168461395,2305,bar,2014
121.4439247,31.2129285,1168461408,2602,atm,2014
121.4432497,31.2123506,1168461427,2301,restaurant,2014
121.519807,31.241925,1170101170,2405,hostel,2014
121.4666728,31.2347009,1172174589,2602,atm,2014
121.4667325,31.2348093,1172174591,2303,cafe,
121.5087659,31.2410175,1174646043,2303,cafe,2014
121.4394114,31.2135451,1193799873,2202,nightclub,2014
120.957266,31.3554818,1224175828,2501,supermarket,2014
121.5752607,31.1365696,1224835281,2501,supermarket,2014
121.2420289,31.1922486,1230493541,2501,supermarket,2014
121.5484331,31.2131039,1242407722,2302,fast_food,2014
121.5472422,31.2117825,1242407729,2511,convenience,2014
121.4750954,31.2306422,1251210478,2401,hotel,2014
121.5030354,31.2366351,1251241438,2953,observation_tower,2014
121.4387049,31.1808732,1260418008,2511,convenience,2014
121.3998377,31.2285416,1288652693,2725,artwork,2014
121.5805039,31.2416526,1290306223,2305,bar,2014
121.5830252,31.2426616,1290306227,2501,supermarket,2014
121.5822527,31.2423589,1290306235,2526,toy_shop,2014
121.7781511,31.1790532,1294141764,2722,museum,2014
121.5807879,31.2427926,1295449805,2083,kindergarten,2014
121.5289735,31.2179985,1300460630,2511,convenience,2014
121.5272569,31.2194941,1300460631,2511,convenience,2014
121.4415288,31.2233964,1304348755,2301,restaurant,2014
121.4049878,31.2292428,1309734449,2501,supermarket,
121.494428,31.2712154,1313098854,2501,supermarket,2014
121.4393094,31.2122496,1317163522,2305,bar,2014
121.4478979,31.2161111,1317164041,2303,cafe,2014
121.4190703,31.20983,1317166456,2304,pub,2014
121.4222248,31.2051262,1317168343,2305,bar,2014
121.4081353,31.1979911,1317168792,2110,hospital,2014
121.4328912,31.2117021,1317175519,2301,restaurant,2014
121.4752258,31.2140547,1317210444,2301,restaurant,2014
121.46145,31.2210188,1317213794,2303,cafe,2014
121.4579524,31.2198902,1317213799,2303,cafe,2014
121.5114353,31.2247844,1317231483,2901,toilet,2014
121.5118162,31.2319794,1317234409,2401,hotel,2014
121.4918311,31.237651,1317252176,2303,cafe,2014
121.3982506,31.2323994,1317286639,2301,restaurant,2014
121.4051916,31.230477,1317286640,2005,post_office,2014
121.4004864,31.2263724,1317286641,2301,restaurant,2014
121.403866,31.2309229,1317286642,2301,restaurant,2014
121.4049496,31.2295284,1317292025,2601,bank,2014
121.4008298,31.2317485,1317305041,2602,atm,2014
121.5734507,31.2354849,1362449444,2004,post_box,2014
121.5772594,31.2359482,1362449498,2305,bar,2014
121.5768303,31.2353198,1362449527,2253,swimming_pool,2014
121.5770341,31.2357372,1362449535,2301,restaurant,2014
121.577415,31.2360491,1362449584,2904,fountain,2014
121.4850223,31.3435507,1365321764,2110,hospital,2014
121.4848507,31.3401053,1365321766,2601,bank,2014
121.4837349,31.3420846,1365322568,2001,police,2014
121.4834016,31.2598153,1377665042,2401,hotel,2014
121.4984496,31.2874872,1393536143,2904,fountain,
121.4986092,31.2844973,1393536144,2301,restaurant,2014
121.4680259,31.2042154,1402572534,2401,hotel,2014
121.612032,31.196182,1435041880,2401,hotel,2014
121.4862535,31.2407577,1435272581,2742,viewpoint,
121.1934896,31.0328171,1440339252,2083,kindergarten,
121.1905163,31.0338509,1440339372,2723,monument,2014
121.1899464,31.0341908,1440339387,2120,doctors,2014
121.1936666,31.0353448,1440339470,2722,museum,
121.1920894,31.0317275,1440356896,2501,supermarket,2014
121.1891988,31.0348486,1440357272,2304,pub,2014
121.191395,31.0333637,1440619975,2401,hotel,2014
121.1935437,31.0360571,1440619978,2722,museum,
121.1956007,31.0354092,1440620043,2401,hotel,
121.4323992,31.1962667,1441441254,2303,cafe,2014
121.4323892,31.1967056,1441441258,2301,restaurant,2014
121.4325601,31.197244,1441441261,2301,restaurant,2014
121.4320939,31.1972929,1441441264,2303,cafe,2014
121.4323115,31.1969809,1441441273,2301,restaurant,2014
121.4319682,31.1964164,1441441277,2303,cafe,2014
121.1980175,31.034299,1441998703,2722,museum,2014
121.4371876,31.2309273,1446811919,2405,hostel,
121.4189248,31.0081563,1448514543,2302,fast_food,
121.4445796,31.2115394,1449321186,2301,restaurant,2014
121.4493754,31.2128515,1449321187,2303,cafe,2014
121.4457597,31.2111265,1449321189,2303,cafe,2014
121.449075,31.2125671,1449321190,2301,restaurant,2014
121.4497514,31.212613,1449321191,2110,hospital,2014
121.4440088,31.2114889,1449321192,2301,restaurant,2014
121.4394507,31.2132893,1460661876,2305,bar,2014
121.4483447,31.219648,1460662321,2301,restaurant,2014
121.4570565,31.2155557,1460662585,2904,fountain,2014
121.4640203,31.2210659,1460663878,2303,cafe,2014
121.4347272,31.2085937,1460664402,2303,cafe,2014
121.470275,31.2225041,1462576337,2904,fountain,2014
121.4704252,31.2195956,1462584424,2303,cafe,2014
121.4699772,31.2202127,1462584468,2511,convenience,2014
121.4874255,31.2286971,1469023921,2303,cafe,
121.4874255,31.2286971,1469023921,2721,attraction,
121.4440717,31.2340872,1469068210,2401,hotel,2014
121.4441693,31.2348211,1469068212,2501,supermarket,2014
121.4445127,31.2343807,1469068216,2301,restaurant,2014
121.4447702,31.2341055,1469068223,2301,restaurant,2014
121.5350982,31.2617754,1469076711,2401,hotel,2014
121.5386558,31.2222238,1470628572,2512,clothes,2014
121.4314939,31.3233357,1471781217,2302,fast_food,
121.5006604,31.2302301,1473995280,2301,restaurant,2014
121.4386196,31.190864,1477326562,2401,hotel,2014
121.4862356,31.2458383,1477440626,2401,hotel,2014
121.4568331,31.219917,1478944385,2203,cinema,2014
121.4737538,31.2275999,1489291111,2303,cafe,2014
121.3639201,31.1964676,1489295946,2001,police,2014
121.4948937,31.2367886,1489398730,2722,museum,2014
121.4971843,31.2328623,1489404204,2301,restaurant,2014
121.5195201,31.2380778,1489420310,2302,fast_food,
121.3857508,31.1715655,1489666830,2401,hotel,2014
121.3887548,31.1667093,1489667712,2602,atm,2014
121.4569525,31.2319549,1490094607,2901,toilet,2014
121.5100143,31.2331738,1490108041,2302,fast_food,
121.5194932,31.2285432,1490115305,2401,hotel,2014
121.5210489,31.2170104,1490119349,2110,hospital,2014
121.5154889,31.2369632,1490128494,2302,fast_food,2014
121.5229028,31.2274578,1490442066,2901,toilet,2014
121.5117057,31.2421322,1491042512,2401,hotel,2014
121.5195935,31.2433662,1491134447,2005,post_office,2014
121.5197007,31.2431781,1491134541,2401,hotel,2014
121.5006522,31.2011345,1505014560,2304,pub,2014
121.4288239,31.2397579,1508314447,2401,hotel,2014
121.3768327,31.1781405,1508314456,2302,fast_food,
121.3889419,31.1988102,1508314460,2302,fast_food,2014
121.5751881,31.2401717,1541493853,2005,post_office,2014
121.3414274,31.1933467,1543708031,2907,camera_surveillance,2014
121.4909063,31.2273256,1548518743,2301,restaurant,2014
121.4882107,31.2271604,1548518803,2904,fountain,2014
121.4323481,31.2322797,1548530710,2301,restaurant,2014
121.3730698,31.2202572,1551680030,2405,hostel,2014
121.4733788,31.2354641,1555170552,2301,restaurant,2014
121.5157854,31.2427885,1562101657,2401,hotel,2014
121.4939193,31.2379261,1562104164,2301,restaurant,2014
121.4700699,31.2195459,1562116462,2301,restaurant,2014
121.4723478,31.2263689,1562116864,2301,restaurant,2014
121.4724714,31.2266441,1562116872,2301,restaurant,2014
121.4818317,31.2125457,1562117935,2501,supermarket,2014
121.4598096,31.2203286,1562119162,2301,restaurant,2014
121.5015162,31.2220964,1562119176,2901,toilet,2014
121.4655835,31.2214227,1563139072,2401,hotel,2014
121.4951713,31.2263584,1563146219,2401,hotel,2014
121.415136,31.1936693,1563153083,2561,hairdresser,2014
121.4749421,31.2364139,1563161013,2401,hotel,2014
121.4947436,31.2752661,1563186833,2561,hairdresser,2014
121.4145107,31.1639349,1563324872,2901,toilet,2014
121.4619906,31.2686001,1563358863,2501,supermarket,2014
121.3795227,31.2092953,1564800507,2005,post_office,2014
121.3832107,31.2120871,1564800573,2253,swimming_pool,2014
121.3807173,31.212582,1564803969,2502,bakery,2014
121.3804062,31.2126141,1564804305,2511,convenience,2014
121.499895,31.3078341,1564937627,2005,post_office,2014
121.4975128,31.3102472,1564952339,2511,convenience,2014
121.5146249,31.2954759,1568673496,2082,school,2014
121.514573,31.2963601,1568673900,2601,bank,2014
121.4703845,31.222072,1570853962,2901,toilet,2014
121.4575489,31.2292025,1572279353,2401,hotel,2014
121.5791513,31.243572,1581564953,2732,ruins,2014
121.5774129,31.2442002,1581564955,2732,ruins,2014
121.6791154,31.1979673,1588056818,2082,school,2014
121.5640895,31.1161835,1611212578,2501,supermarket,2014
121.5683342,31.137289,1611239441,2602,atm,2014
121.56853,31.1374956,1611239443,2601,bank,2014
121.5683396,31.1373533,1611239456,2601,bank,2014
121.5686105,31.1374818,1611239461,2602,atm,2014
121.568395,31.1374129,1611955059,2601,bank,2014
121.5684218,31.137367,1611955060,2602,atm,2014
121.5747424,31.1364281,1611966780,2302,fast_food,2014
121.5749919,31.136986,1611966812,2302,fast_food,2014
121.5748122,31.1360493,1611966843,2301,restaurant,
121.5755927,31.1368161,1611966847,2301,restaurant,2014
121.5756195,31.1365865,1611966854,2301,restaurant,
121.5786504,31.1379342,1611986117,2301,restaurant,2014
121.5791064,31.1380306,1611986203,2301,restaurant,2014
121.5790205,31.1380191,1611986210,2304,pub,2014
121.5790205,31.1376495,1611986259,2301,restaurant,2014
121.5788247,31.1380007,1611986261,2304,pub,2014
121.6132529,31.1452155,1612053430,2301,restaurant,2014
121.5683491,31.1363554,1612168362,2203,cinema,2014
121.5789911,31.1271757,1613176374,2301,restaurant,2014
121.5715828,31.1215021,1613176533,2564,car_wash,2014
121.5790689,31.1270403,1613176646,2601,bank,2014
121.5746503,31.1376039,1613235541,2101,pharmacy,2014
121.5777778,31.1378129,1613235560,2518,beverages,2014
121.574881,31.1361805,1613235561,2602,atm,2014
121.5769248,31.1378197,1613235564,2564,car_wash,2014
121.5748059,31.137558,1613235566,2561,hairdresser,2014
121.5787326,31.137907,1613235569,2516,butcher,2014
121.5221084,31.1438335,1616513599,2501,supermarket,2014
121.3775709,31.3169743,1627869178,2501,supermarket,
121.3886644,31.3178129,1627874529,2082,school,2014
121.3678077,31.314,1627881354,2082,school,2014
121.3798422,31.3169238,1627954207,2005,post_office,2014
121.3814032,31.3170705,1627954218,2203,cinema,2014
121.3816017,31.3171896,1627954222,2501,supermarket,2014
121.311968,31.293165,1633727307,2301,restaurant,2014
121.5533824,31.2070659,1659501673,2501,supermarket,2014
121.5542407,31.2046617,1659501718,2302,fast_food,2014
121.4333777,31.2925654,1661751581,2302,fast_food,2014
121.5910301,31.138281,1663459297,2082,school,2014
121.576378,31.1373531,1663535669,2511,convenience,2014
121.5765711,31.1377388,1663545089,2511,convenience,2014
121.5785023,31.1379041,1663545090,2502,bakery,2014
121.5667649,31.1417242,1663557748,2110,hospital,2014
121.5689322,31.1362144,1663559830,2007,library,2014
121.5655848,31.1439464,1663560895,2005,post_office,2014
121.5789776,31.140569,1663573632,2205,playground,2014
121.5779905,31.1378346,1663578396,2568,laundry,2014
121.5768318,31.1377382,1663579325,2303,cafe,2014
121.5749704,31.1375499,1663580282,2516,butcher,2014
121.5787472,31.1380961,1663581665,2901,toilet,2014
121.5785592,31.1375178,1663583468,2301,restaurant,2014
121.5150744,31.211577,1663902954,2001,police,2014
121.5160684,31.2100487,1663906001,2601,bank,2014
121.4725521,31.2419341,1663908568,2401,hotel,2014
121.8893378,31.6990823,1663970672,2742,viewpoint,2014
121.5097669,31.25829,1663981886,2401,hotel,2014
121.1510384,31.544035,1663987998,2525,mobile_phone_shop,2014
121.5730713,31.1181101,1666196066,2302,fast_food,2014
121.4630275,31.2331596,1667022600,2301,restaurant,2014
121.4268533,31.0253052,1668244486,2511,convenience,2014
121.4265154,31.0253696,1668244515,2301,restaurant,
121.3870564,31.2154897,1669568194,2901,toilet,2014
121.3900594,31.2197838,1669568195,2901,toilet,2014
121.428158,31.0228529,1669635907,2511,convenience,2014
121.4267321,31.0207532,1669640246,2602,atm,2014
121.4266491,31.0207206,1669640851,2601,bank,2014
121.4269122,31.0255031,1669641113,2515,bookshop,2014
121.5767404,31.1373801,1672179406,2502,bakery,2014
121.5783604,31.1379035,1672179409,2301,restaurant,2014
121.5266216,31.3341428,1672700009,2401,hotel,2014
121.4150812,31.1965007,1674363577,2501,supermarket,
121.3055876,31.1462872,1675465553,2082,school,
121.4878582,31.2657707,1683026436,2511,convenience,2014
121.4890035,31.264911,1683029852,2601,bank,2014
121.5759169,31.1366512,1684839213,2304,pub,2014
121.5722812,31.1189799,1684865282,2101,pharmacy,2014
121.567382,31.1416529,1684865296,2301,restaurant,2014
121.5671367,31.1421184,1684865300,2301,restaurant,2014
121.5700657,31.1308001,1684865318,2101,pharmacy,2014
121.568156,31.13991,1684865321,2511,convenience,2014
121.5673406,31.1417305,1684865333,2301,restaurant,2014
121.566662,31.1429425,1684865341,2101,pharmacy,2014
121.5662069,31.1435435,1686114198,2542,bicycle_shop,2014
121.5783955,31.132544,1688309546,2205,playground,2014
121.5782771,31.1324079,1688309555,2205,playground,2014
121.5803428,31.1328241,1688309739,2205,playground,2014
121.5850845,31.1389486,1688324340,2301,restaurant,2014
121.5766543,31.1370289,1688771179,2401,hotel,2014
121.5664351,31.1164885,1688786392,2203,cinema,2014
121.4968415,31.2773619,1689873313,2302,fast_food,2014
121.495849,31.2790697,1689874113,2253,swimming_pool,
121.4063249,31.2289781,1693987774,2302,fast_food,
121.4481946,31.0250581,1694214237,2511,convenience,2014
121.4275969,31.2521963,1695008790,2501,supermarket,2014
121.4282889,31.2514717,1695015102,2101,pharmacy,2014
121.4285625,31.25736,1695020309,2251,sports_centre,2014
121.3981453,31.2071907,1696430101,2601,bank,2014
121.3982419,31.207466,1696430121,2301,restaurant,2014
121.3969699,31.2070133,1696431545,2011,embassy,2014
121.3971261,31.2063675,1696435515,2011,embassy,2014
121.5412656,31.2476979,1698857922,2602,atm,2014
121.4836138,31.2904841,1699123669,2501,supermarket,2014
121.4837087,31.2904225,1699123803,2502,bakery,
121.3920266,31.2295399,1700547246,2722,museum,2014
121.3921339,31.2292486,1700547897,2722,museum,
121.5990741,31.2030001,1703723803,2511,convenience,
121.4314567,31.182448,1705341674,2501,supermarket,2014
121.5866637,31.1880438,1707861724,2401,hotel,
121.3909143,31.1833838,1719969184,2401,hotel,2014
121.3821059,31.1902538,1719969187,2301,restaurant,2014
121.3819289,31.1904419,1719969190,2602,atm,2014
121.3941651,31.1845862,1719969191,2001,police,2014
121.3833397,31.1887623,1719969198,2501,supermarket,2014
121.3836616,31.1886155,1719969201,2502,bakery,2014
121.3930064,31.1835215,1719969204,2542,bicycle_shop,2014
121.5121526,31.2124991,1719981051,2302,fast_food,2014
121.5123816,31.2113965,1719981054,2602,atm,2014
121.5120761,31.2114347,1719981056,2006,telephone,2014
121.4763146,31.2375328,1720141486,2401,hotel,2014
121.9685553,30.8852968,1721188716,2204,park,
121.5750335,31.1327904,1723071594,2205,playground,2014
121.5732633,31.1352194,1723071613,2205,playground,2014
121.3871293,31.1844164,1723647615,2901,toilet,2014
121.5850118,31.3408509,1724299017,2301,restaurant,2014
121.5847465,31.3412256,1724299019,2301,restaurant,2014
121.5751642,31.1375878,1726637188,2301,restaurant,2014
120.9026035,31.0784729,1727133797,2303,cafe,2014
120.9082712,31.0741678,1727145043,2301,restaurant,2014
120.9086417,31.0742068,1727369987,2205,playground,2014
121.3698191,31.130063,1729006230,2110,hospital,2014
121.52193,31.2141,1735471906,2511,convenience,2014
121.47893,31.2213,1735471913,2501,supermarket,2014
121.2487778,31.3828173,1744725742,2722,museum,
121.4479987,31.2478559,1747306801,2601,bank,2014
121.4484172,31.248021,1747306804,2601,bank,2014
121.4500411,31.2306754,1750769400,2303,cafe,
121.4507224,31.22968,1750769986,2303,cafe,
121.4497782,31.229813,1750770317,2303,cafe,
121.4467634,31.228758,1750770558,2303,cafe,
121.4473804,31.228657,1750771033,2501,supermarket,2014
121.4470424,31.2283726,1750771395,2301,restaurant,2014
121.4478953,31.228758,1750771407,2301,restaurant,
121.4466454,31.2286708,1750771478,2301,restaurant,
121.4496761,31.2294919,1750772016,2301,restaurant,2014
121.4497461,31.2296066,1750772214,2301,restaurant,
121.4493384,31.2293726,1750772313,2301,restaurant,
121.4489897,31.2293359,1750772353,2301,restaurant,
121.4501645,31.2286662,1750773431,2301,restaurant,2014
121.4508082,31.2296983,1750774277,2301,restaurant,
121.4496012,31.2285148,1750775302,2401,hotel,2014
121.4506258,31.2297534,1750775761,2302,fast_food,
121.4478478,31.228874,1750776037,2502,bakery,2014
121.4557918,31.2321661,1750779214,2512,clothes,2014
121.450084,31.2293956,1750782861,2904,fountain,2014
121.442097,31.1505072,1754759846,2901,toilet,2014
121.4427676,31.1478421,1754759870,2904,fountain,2014
121.4996125,31.1573267,1755874827,2501,supermarket,2014
121.5198686,31.1627802,1755874828,2501,supermarket,
121.5037968,31.1635697,1755874829,2501,supermarket,2014
121.8358381,31.0428831,1756415771,2501,supermarket,
121.8825331,31.0072231,1756566268,2950,tower,2014
121.8631986,30.9989039,1756600928,2951,comms_tower,2014
121.8767108,31.0280027,1756691432,2950,tower,2014
121.8810364,31.0290271,1756691433,2950,tower,2014
121.8849656,31.0296745,1756691434,2950,tower,2014
121.874196,31.0327805,1756691436,2950,tower,2014
121.8827689,31.0335691,1756691437,2950,tower,2014
121.8804595,31.0376338,1756691439,2950,tower,2014
121.8716327,31.037648,1756691440,2950,tower,2014
121.8742547,31.0412419,1756691442,2950,tower,2014
121.8784813,31.0412571,1756691443,2950,tower,2014
121.8689556,31.0427371,1756691444,2950,tower,2014
121.8765342,31.0447483,1756691446,2950,tower,2014
121.8715331,31.0460032,1756691447,2950,tower,2014
121.4151126,31.0153018,1756855401,2563,car_rental,2014
121.3561813,31.136373,1756975509,2251,sports_centre,2014
121.4936072,31.1643399,1758441732,2401,hotel,2014
121.4933658,31.1641701,1758441738,2601,bank,2014
121.4936984,31.1633576,1758441748,2601,bank,2014
121.3791522,31.1944854,1761746242,2301,restaurant,2014
121.3804928,31.196247,1761746247,2083,kindergarten,2014
121.3907174,31.183903,1761746250,2253,swimming_pool,2014
121.3784227,31.195293,1761746253,2301,restaurant,2014
121.3866501,31.1955876,1761746259,2253,swimming_pool,2014
121.3831452,31.1805356,1762660624,2304,pub,2014
121.382775,31.1803428,1762660628,2301,restaurant,2014
121.5035566,31.2369001,1771392609,2505,department_store,2014
121.4897151,31.2300932,1773438955,2303,cafe,2014
121.4904339,31.2331481,1773438956,2002,fire_station,2014
121.4899189,31.2336068,1773438957,2001,police,2014
121.4904876,31.230451,1773438958,2303,cafe,2014
121.4766774,31.2259345,1774541386,2302,fast_food,2014
121.4763555,31.2272694,1774541400,2504,mall,2014
121.4756372,31.2270412,1774541414,2504,mall,2014
121.4783074,31.2384475,1774542136,2512,clothes,2014
121.4991511,31.2437673,1776086118,2303,cafe,2014
121.4920372,31.2423038,1776116722,2301,restaurant,2014
121.5120308,31.2357023,1777827018,2110,hospital,2014
121.5861112,31.3417947,1782382557,2301,restaurant,2014
121.5859506,31.3417166,1782382559,2301,restaurant,2014
121.5847165,31.3285482,1782384619,2301,restaurant,2014
121.7992447,31.1517546,1805043292,2511,convenience,2014
121.70281,31.18698,1809450552,2401,hotel,2014
121.5121512,31.0778557,1811240400,2008,town_hall,
121.4905795,31.2242234,1812133572,2110,hospital,2014
121.4902984,31.2242027,1812138566,2501,supermarket,2014
121.7529453,31.1503662,1813282592,2501,supermarket,
121.2836106,31.2116672,1818943650,2511,convenience,2014
120.9120131,31.0747013,1827442596,2251,sports_centre,2014
121.210449,31.2692959,1829891022,2101,pharmacy,
121.2102464,31.2696345,1829907071,2601,bank,2014
121.2103015,31.2695265,1829907074,2005,post_office,2014
121.2103153,31.2693885,1829956133,2099,public_building,2014
121.3897404,31.1893635,1838340405,2401,hotel,2014
121.4326703,31.0278652,1843649535,2007,library,2014
121.4301282,31.2009364,1843656624,2723,monument,
121.3554993,31.2198219,1844864380,2501,supermarket,2014
121.4659516,31.2530246,1851226751,2401,hotel,2014
121.4554279,31.0411735,1863760476,2405,hostel,2014
121.4398595,31.1100533,1870281387,2301,restaurant,2014
121.4308848,31.1910097,1870291797,2401,hotel,2014
121.4335831,31.1911382,1870292061,2302,fast_food,2014
121.4377888,31.1900185,1870292519,2301,restaurant,2014
121.5267559,31.3269573,1870393820,2301,restaurant,
121.5244812,31.3273262,1870393842,2901,toilet,2014
121.5245511,31.3269963,1870393851,2301,restaurant,2014
121.527389,31.3206494,1870407033,2601,bank,2014
121.4780547,31.274139,1871659442,2724,memorial,
121.510273,31.3080632,1872020556,2721,attraction,2014
121.5212545,31.3158086,1872033593,2723,monument,
121.5181749,31.2896126,1874352983,2543,doityourself,
121.5172095,31.2899585,1874353041,2601,bank,2014
121.5316394,31.3160005,1877599273,2007,library,2014
121.4807437,31.2435905,1881135059,2405,hostel,2014
121.4856601,31.2430242,1883305088,2721,attraction,2014
121.4856526,31.2428182,1883305093,2721,attraction,2014
121.4855611,31.2393233,1887544304,2701,tourist_info,2014
121.4864006,31.2364221,1887575215,2301,restaurant,
121.4863416,31.2365,1887575218,2305,bar,2014
121.4864756,31.2422878,1887591311,2742,viewpoint,2014
121.4866044,31.2427672,1887591319,2742,viewpoint,2014
121.4863952,31.2419118,1887591349,2742,viewpoint,2014
121.4864273,31.242102,1887591365,2742,viewpoint,2014
121.4865293,31.2424735,1887591378,2742,viewpoint,2014
121.4863651,31.2417262,1887591405,2742,viewpoint,2014
121.4865829,31.2426524,1887591434,2742,viewpoint,2014
121.4719009,31.2307789,1890850215,2001,police,2014
121.4721774,31.2313635,1890850240,2901,toilet,2014
121.5374491,31.1940399,1898146749,2007,library,
121.5369127,31.1822643,1898146766,2501,supermarket,2014
121.5390477,31.1874318,1898150974,2083,kindergarten,
121.1589749,31.2968912,1900511398,2525,mobile_phone_shop,2014
121.1589692,31.2968165,1900511429,2525,mobile_phone_shop,2014
121.1589668,31.2966414,1900511450,2601,bank,2014
121.1584782,31.2915237,1900512162,2601,bank,2014
121.5285168,31.1830746,1906490846,2401,hotel,2014
121.5523152,31.2926434,1911683647,2501,supermarket,2014
121.5526784,31.2982855,1911683664,2501,supermarket,2014
121.5289222,31.2177313,1921198799,2401,hotel,2014
121.5277835,31.2195391,1921654702,2305,bar,
121.4972858,31.2387165,1928688340,2401,hotel,2014
121.4973744,31.2388534,1928698112,2501,supermarket,2014
121.4262956,31.1915381,1928955425,2601,bank,
121.4318961,31.1961912,1928955427,2502,bakery,2014
121.4191005,31.2087638,1929962509,2301,restaurant,
121.5004416,31.2850676,1937615020,2723,monument,2014
121.5927398,31.2393559,1939415628,2082,school,2014
121.5190345,31.3964342,1941142727,2955,lighthouse,
121.0798365,31.0304952,1941239583,2955,lighthouse,2014
121.5034292,31.2840716,1950380088,2005,post_office,2014
121.5093523,31.313645,1954012896,2501,supermarket,2014
121.5107043,31.3139245,1954012900,2501,supermarket,2014
121.5107547,31.3149603,1954012905,2511,convenience,2014
121.5107116,31.314021,1954026428,2901,toilet,2014
121.3839219,31.2166901,1973361940,2007,library,2014
121.3942159,31.2083983,1973363063,2303,cafe,2014
121.3954309,31.2078555,1973385869,2004,post_box,2014
121.3939452,31.2083346,1973418061,2602,atm,2014
121.3956797,31.2080198,1973418062,2601,bank,2014
121.3980728,31.2127717,1973418063,2302,fast_food,
121.3932637,31.2117521,1973418064,2301,restaurant,
121.3981495,31.2133133,1973418065,2302,fast_food,
121.3956447,31.2129505,1973418066,2302,fast_food,
121.3640489,31.2105728,1973439189,2601,bank,2014
121.3648621,31.211078,1973439193,2501,supermarket,2014
121.3647724,31.2110636,1973439196,2522,sports_shop,
121.3988486,31.2086244,1973439199,2301,restaurant,2014
121.3681836,31.2191905,1973444263,2301,restaurant,2014
121.3681686,31.2185624,1973444266,2302,fast_food,
121.3681788,31.2191289,1973444267,2302,fast_food,
121.3970512,31.21349,1973452312,2301,restaurant,
121.3664791,31.2188597,1973452315,2528,greengrocer,2014
121.3659741,31.2189116,1973452316,2528,greengrocer,2014
121.3659576,31.2210431,1973452317,2528,greengrocer,
121.396111,31.2125683,1973462989,2301,restaurant,
121.4463689,31.1958998,1975947639,2501,supermarket,2014
121.4473101,31.1967901,1975948898,2253,swimming_pool,
121.4475086,31.1965193,1975948899,2901,toilet,2014
121.446312,31.1969916,1975948966,2001,police,2014
121.5132518,31.0794954,1990644540,2301,restaurant,
121.4864182,31.2819633,1992483874,2302,fast_food,2014
121.5000426,31.2395573,1993253292,2302,fast_food,2014
121.5018305,31.2398849,1993253301,2902,bench,2014
121.4974666,31.2405549,1993253316,2302,fast_food,2014
121.4950993,31.2846437,1998919420,2561,hairdresser,2014
121.4930185,31.2847826,1998919425,2251,sports_centre,2014
121.4953944,31.2850147,1998919426,2522,sports_shop,2014
121.4954799,31.285033,1998919427,2546,computer_shop,2014
121.5594504,31.2143478,1999663701,2501,supermarket,2014
121.4967468,31.2873706,2000861603,2568,laundry,2014
121.4960261,31.287462,2000861611,2502,bakery,2014
121.1051229,31.448789,2002433934,2511,convenience,
121.4577351,31.2137116,2005384260,2201,theatre,2014
121.534248,31.130636,2016133585,2084,college,2014
121.396278,31.1338477,2025942596,2005,post_office,2014
121.3959516,31.1371845,2025942597,2511,convenience,2014
121.3964669,31.1334675,2025942602,2303,cafe,2014
121.397518,31.1349185,2025947395,2303,cafe,2014
121.396826,31.1361031,2025947396,2601,bank,2014
121.3953991,31.1379673,2025947398,2082,school,2014
121.4014448,31.1444779,2025947400,2005,post_office,2014
121.3973249,31.1347899,2025947401,2512,clothes,2014
121.3960321,31.1343308,2025947402,2502,bakery,2014
121.3963271,31.137313,2025947403,2301,restaurant,2014
121.3961546,31.1339533,2025978772,2302,fast_food,2014
121.3951917,31.1330028,2025978782,2203,cinema,2014
121.39594,31.1338844,2025978788,2302,fast_food,2014
121.4868976,31.3397886,2027552443,2501,supermarket,
121.4898074,31.3033564,2035912979,2305,bar,2014
121.4998618,31.2886941,2036535374,2501,supermarket,2014
121.4979236,31.2887107,2036535378,2501,supermarket,2014
121.499441,31.2883029,2036535397,2501,supermarket,2014
121.4420152,31.224631,2052509272,2305,bar,2014
121.3457504,31.4048237,2071048377,2501,supermarket,2014
121.3463348,31.4044531,2071048380,2302,fast_food,2014
121.4206506,31.2068274,2074248155,2082,school,
121.4599943,31.2460538,2084699527,2005,post_office,2014
121.456325,31.2455401,2084707891,2901,toilet,2014
121.4555472,31.2459162,2084709218,2083,kindergarten,2014
121.4544957,31.2465537,2084711682,2602,atm,2014
121.4524278,31.2457327,2084712714,2602,atm,2014
121.4523634,31.2463335,2084713429,2602,atm,2014
121.4522588,31.246361,2084714501,2602,atm,2014
121.452763,31.2456639,2084714980,2301,restaurant,
121.4522776,31.2453245,2084715889,2511,convenience,2014
121.4519369,31.2465766,2084715967,2511,convenience,2014
121.452409,31.2431735,2084721775,2602,atm,2014
121.4230779,31.4046895,2085387456,2501,supermarket,2014
121.3734766,31.1945309,2102426143,2301,restaurant,2014
121.373718,31.1948108,2102426152,2110,hospital,2014
121.3890221,31.1810577,2102447185,2101,pharmacy,2014
121.3893762,31.1819476,2102447190,2302,fast_food,2014
121.3888719,31.1890338,2102447196,2301,restaurant,2014
121.3826492,31.2012019,2102447205,2251,sports_centre,2014
121.3648823,31.2099563,2102447207,2542,bicycle_shop,2014
121.4875451,31.2319771,2110725610,2401,hotel,2014
121.4906427,31.2870417,2113398216,2401,hotel,2014
121.4833744,31.3991004,2123875878,2202,nightclub,2014
121.4826449,31.3985417,2123875882,2401,hotel,2014
121.4839109,31.3966186,2123875886,2302,fast_food,
121.4855934,31.3974444,2123875901,2007,library,
121.4828112,31.3965179,2123875902,2302,fast_food,
121.4779027,31.4068703,2123890814,2005,post_office,2014
121.486036,31.3976027,2125971686,2253,swimming_pool,2014
121.4841048,31.3978821,2125971700,2205,playground,2014
121.4844213,31.4006614,2125971705,2205,playground,2014
121.4477399,31.2765849,2129071822,2301,restaurant,
121.4314098,31.1845288,2129433796,2503,kiosk,2014
121.3939508,31.1697644,2134517719,2501,supermarket,2014
121.500754,31.2012264,2143100849,2401,hotel,2014
121.3793869,31.1920732,2145114771,2301,restaurant,2014
121.444586,31.2061362,2151670763,2303,cafe,2014
121.4405466,31.2106739,2151674481,2303,cafe,2014
121.460336,31.2132386,2151674718,2303,cafe,2014
121.4573373,31.2106877,2151678388,2007,library,2014
121.457525,31.2166886,2151680171,2301,restaurant,2014
121.4574767,31.2168996,2151680178,2301,restaurant,2014
121.4542634,31.2222671,2151680973,2301,restaurant,2014
121.462986,31.2128578,2151697010,2110,hospital,2014
121.4639859,31.2153728,2151697014,2110,hospital,2014
121.4480297,31.031284,2151699741,2007,library,2014
121.4547677,31.0348726,2151701643,2401,hotel,2014
121.454006,31.0364354,2151703957,2602,atm,2014
121.4549179,31.0347347,2151706578,2515,bookshop,2014
121.4605381,31.2098439,2151706898,2542,bicycle_shop,2014
121.4561018,31.2093163,2151715205,2301,restaurant,2014
121.4561796,31.2091167,2151715385,2303,cafe,2014
121.4562681,31.2092589,2151715506,2304,pub,2014
121.4665222,31.212638,2151717144,2301,restaurant,2014
121.4672141,31.0450861,2151718292,2301,restaurant,2014
121.4536314,31.0365187,2151734689,2511,convenience,2014
121.473113,31.183184,2163878520,2721,attraction,2014
121.4506443,31.2448793,2181350361,2401,hotel,2014
121.5328855,31.1543471,2285263456,2501,supermarket,
121.53017,31.1565162,2285264388,2205,playground,2014
121.4542787,31.2837757,2292222363,2253,swimming_pool,2014
121.2737098,31.3457505,2300026369,2501,supermarket,2014
121.5187319,31.3305227,2330049479,2601,bank,2014
121.437099,31.2404533,2345419559,2501,supermarket,2014
121.439867,31.2420311,2345419560,2601,bank,2014
121.4863229,31.2329494,2345419577,2005,post_office,2014
121.5201187,31.2435722,2345419578,2501,supermarket,2014
121.5215888,31.3340053,2346523653,2511,convenience,2014
121.5177799,31.3313887,2346533476,2001,police,2014
121.518483,31.3311986,2346534410,2501,supermarket,2014
121.5024258,31.3363783,2347768912,2906,waste_basket,2014
121.5222428,31.3310883,2348029524,2906,waste_basket,2014
121.5068581,31.3220911,2348383983,2906,waste_basket,2014
121.5025617,31.3376326,2348390838,2906,waste_basket,2014
121.5010625,31.3364824,2348390875,2906,waste_basket,2014
121.5014593,31.337722,2348394342,2902,bench,2014
121.5015586,31.3381572,2348394344,2906,waste_basket,2014
121.5015532,31.3377701,2348394347,2902,bench,2014
121.5000324,31.3381457,2348429309,2906,waste_basket,2014
121.5002094,31.3381413,2348429416,2004,post_box,2014
121.4975326,31.3353784,2348429428,2906,waste_basket,2014
121.5012447,31.3353393,2348429457,2906,waste_basket,2014
121.4975728,31.3354012,2348429473,2503,kiosk,2014
121.4994691,31.3391766,2348441161,2906,waste_basket,2014
121.5003542,31.3388377,2348441174,2906,waste_basket,2014
121.5023682,31.3223799,2348491789,2906,waste_basket,2014
121.5019605,31.322389,2348491916,2906,waste_basket,2014
121.5093575,31.3205788,2348492040,2906,waste_basket,2014
121.5416832,31.3299681,2348526204,2006,telephone,2014
121.5214061,31.3294413,2348700196,2906,waste_basket,2014
121.5019872,31.3234223,2348717403,2906,waste_basket,2014
121.3784536,31.2475261,2348742733,2504,mall,2014
121.3619507,31.2384724,2348742734,2401,hotel,2014
121.5023972,31.3288572,2350109979,2906,waste_basket,2014
121.6023251,31.3179859,2351693707,2302,fast_food,
121.5163739,31.3177604,2352902324,2906,waste_basket,2014
121.5142389,31.3195342,2352902335,2006,telephone,2014
121.5175083,31.3189974,2352902348,2501,supermarket,
121.5164705,31.3178752,2352902357,2906,waste_basket,2014
121.5160845,31.3194447,2352902367,2541,car_dealership,2014
121.5168894,31.3186768,2352902370,2541,car_dealership,2014
121.5146734,31.3194377,2352902374,2541,car_dealership,2014
121.4861005,31.2424303,2354289904,2301,restaurant,2014
121.5066269,31.3095978,2355378637,2901,toilet,2014
121.5218754,31.324978,2355402957,2503,kiosk,2014
121.5147565,31.3215777,2355403078,2006,telephone,2014
121.5147914,31.3216053,2355403081,2906,waste_basket,2014
121.6577708,31.8167978,2355544354,2566,bicycle_rental,
121.6333419,31.8210005,2355544364,2566,bicycle_rental,2014
121.6597686,31.8205839,2355544367,2566,bicycle_rental,2014
121.6549326,31.8181236,2355544381,2566,bicycle_rental,
121.6646114,31.8166223,2355544389,2566,bicycle_rental,2014
121.6484331,31.820795,2355544399,2566,bicycle_rental,2014
121.6648995,31.8225255,2355544404,2566,bicycle_rental,
121.6696795,31.8249042,2355544410,2566,bicycle_rental,2014
121.6492506,31.8163524,2355544413,2566,bicycle_rental,2014
121.665914,31.8183315,2355544434,2566,bicycle_rental,2014
121.6474255,31.8142571,2355544436,2566,bicycle_rental,2014
121.6386924,31.813787,2355544443,2566,bicycle_rental,2014
121.6596713,31.8103043,2355544449,2566,bicycle_rental,2014
121.6458092,31.8109164,2355544452,2566,bicycle_rental,
121.6264099,31.8234645,2355544461,2566,bicycle_rental,2014
121.6717571,31.8190575,2355544464,2566,bicycle_rental,2014
121.6631786,31.8073277,2355544467,2566,bicycle_rental,
121.6526355,31.8124678,2355544470,2566,bicycle_rental,
121.6678811,31.8213852,2355544482,2566,bicycle_rental,2014
121.6557285,31.8067168,2355544485,2566,bicycle_rental,2014
121.6634822,31.8145854,2355544500,2566,bicycle_rental,
121.6537814,31.8032375,2355544503,2566,bicycle_rental,
121.5214144,31.3245151,2355589748,2906,waste_basket,2014
121.5188905,31.3245333,2355589820,2110,hospital,2014
121.5183111,31.3243248,2355589837,2511,convenience,2014
121.5184855,31.3243341,2355589856,2906,waste_basket,2014
121.5172382,31.3234221,2355589858,2906,waste_basket,2014
121.5161868,31.3250809,2355593165,2906,waste_basket,2014
121.5172168,31.3224941,2355593169,2906,waste_basket,2014
121.5178066,31.3224071,2355593189,2906,waste_basket,2014
121.5294422,31.2002774,2359708662,2401,hotel,2014
121.5512318,31.2081763,2359708667,2602,atm,2014
121.4864513,31.2344267,2367497382,2301,restaurant,2014
121.4756879,31.237516,2367498370,2304,pub,2014
121.4747276,31.2373509,2367498375,2304,pub,2014
121.4762136,31.2376857,2367498377,2302,fast_food,2014
121.4474835,31.2759309,2393674340,2301,restaurant,2014
121.4955062,31.2140587,2401741205,2401,hotel,2014
121.4248923,31.2041891,2407464717,2303,cafe,2014
121.4830392,31.2371867,2408440394,2401,hotel,2014
121.4256477,31.2022111,2426359023,2301,restaurant,2014
121.5651996,31.1164884,2439949611,2504,mall,
121.667894,31.140606,2442331749,2744,theme_park,2014
121.4472779,31.1565665,2447826143,2005,post_office,2014
121.4869545,31.2285602,2485006011,2301,restaurant,2014
121.4936396,31.2034378,2485050812,2722,museum,2014
121.3789834,31.1955754,2488970467,2303,cafe,2014
121.4164835,31.2820902,2503380138,2501,supermarket,2014
121.4161033,31.2812239,2503380139,2501,supermarket,2014
121.4165215,31.2817978,2503380267,2301,restaurant,
121.4462348,31.2854903,2517773322,2401,hotel,
121.4628055,31.2062893,2531707867,2301,restaurant,2014
121.4638999,31.2106664,2531707870,2305,bar,2014
121.4637818,31.2103544,2531707871,2305,bar,2014
121.4728561,31.201224,2533196117,2301,restaurant,2014
121.4791218,31.204078,2533196549,2301,restaurant,2014
121.6428169,31.8190743,2536291826,2950,tower,2014
121.4851904,31.2403725,2537680003,2305,bar,2014
121.350439,31.2259426,2542672235,2601,bank,2014
121.3547064,31.2221841,2542678241,2301,restaurant,2014
121.3541565,31.2218905,2542678268,2601,bank,2014
121.354406,31.2221291,2542678533,2501,supermarket,2014
121.3541619,31.2211726,2542678714,2301,restaurant,2014
121.3544328,31.2196977,2542679321,2301,restaurant,2014
121.3543905,31.2195744,2542680261,2301,restaurant,2014
121.3549818,31.2197507,2542681244,2303,cafe,2014
121.349625,31.224825,2542799128,2601,bank,2014
121.3503599,31.222224,2542800745,2601,bank,2014
121.3504136,31.2218937,2542802172,2303,cafe,2014
121.3473975,31.2321773,2542805961,2301,restaurant,2014
121.4370822,31.2550071,2544337469,2601,bank,2014
121.4395753,31.2492012,2544337471,2601,bank,2014
121.4301627,31.2532513,2544343025,2501,supermarket,2014
121.4274429,31.252716,2544345970,2301,restaurant,2014
121.4352032,31.2563466,2544351231,2301,restaurant,2014
121.4359217,31.2529232,2544433781,2204,park,2014
121.4669522,31.2251563,2558924354,2204,park,2014
121.3257521,31.1324388,2560977543,2204,park,2014
121.1768807,31.0728536,2561648616,2204,park,2014
121.3032171,31.2920755,2561659829,2721,attraction,2014
120.8652379,31.4407472,2561669844,2301,restaurant,2014
121.4123865,31.220521,2571121592,2303,cafe,2014
121.5788367,31.1275954,2596260645,2303,cafe,2014
